,tweet_id,text,predictions
0,1968834470,Im supposed studying Im eating chips couch watching channel v,Negative
1,1968834487,fun whatever dont get clos mess without,Negative
2,1968834543,Why hello fellow Twitizens I going bed I pulled Miley made new quotTwiiter Slangquot word Twitizens,Positive
3,1968834546,new,Positive
4,1968834572,I feel naughty happy amp much much muuucccchhh better Im soo glad I went wmy best friend I think I needed ahaa,Positive
5,1968834584,620am Ive hour birds loud I blame,Negative
6,1968834645,marsarmy pick one stick,Positive
7,1968834796,added vip list people see,Positive
8,1968834876,Im 32 thats right,Negative
9,1968834900,love tooo shelby,Positive
10,1968835034,WellHow I take pic send Or least give poster size copy,Positive
11,1968835045,I love weather,Positive
12,1968835060,Laptop BSODed AGAIN Stooooooopid Vista Time upgrade perhaps,Negative
13,1968835107,I need good party,Positive
14,1968835121,tired But satisfied,Positive
15,1968835175,Thinkin guy Disaronno commercials HOT lol xoxo,Positive
16,1968835322,I picked names would suitable future President,Positive
17,1968835342,oh snapConan returns tv Monday,Negative
18,1968835371,youre pulling must hang us,Positive
19,1968835451,myweakness Guys sweatpants play baseball instrument dark curly hair brown eyes,Positive
20,1968835509,probs,Positive
21,1968835548,Word Camp great Ive looking forward awhile,Positive
22,1968835582,2 fridays row aw yeah,Negative
23,1968835584,also farewell Nuggets,Negative
24,1968835645,Hanging Out Look How Long Colbys Legs Look lol,Positive
25,1968835688,yes told id wear didnt I Yep im dork im amazing lol,Positive
26,1968835696,youre sweet man way great GREAT album,Positive
27,1968835801,Delighted finally find caf free wireless hk Bless place cafe I pretty pricey brekkie tho All good,Positive
28,1968835821,winnieDanica partially im named,Positive
29,1968835897,JK Jared Andy Me miss,Negative
30,1968836009,tweeting friends blackberryi need one,Positive
31,1968836014,I HAVE respect self depricationremember Im ten p2 tcot,Positive
32,1968836026,Double stuffed In seriousness new freshness protector amazing,Positive
33,1968836057,soo excited summer,Positive
34,1968836069,Breakfast Going 9am three hours havent decided Titulcia Pilarried QH 3 wks away,Negative
35,1968836112,Did watch The trailer traileramazing I cant wait Sunday,Positive
36,1968836130,oh good Im huge fan musicals I get guys hate Its good,Positive
37,1968836137,I agree Danny doesnt get enough love sometimes Go show care,Positive
38,1968836183,aha lol use pencil eraser colored pencils target haha im cool like,Positive
39,1968836187,aww thats devotion Im excited,Positive
40,1968836193,Is delighted see 105 members Regime Change China Facebook Group Click link right page join,Positive
41,1968836262,loving poker updates,Positive
42,1968836308,Thanks Lisa,Positive
43,1968836328,Going 2 drink wit da coworkers 2 celebrate graduation celebration part deux Could 2morro part tres,Positive
44,1968836349,I still hate,Negative
45,1968836367,haha love baby imma call riiiiiiiightttt,Positive
46,1968836381,got yay,Positive
47,1968836500,Sometimes orange juice isnt orange youd think would,Negative
48,1968836571,thanks,Positive
49,1968836644,Cirrus clouds morning,Negative
50,1968836646,thats dream dessert,Positive
51,1968836647,FABULOUS time RANGERS game Be expecting video soon BTWRANGERS WON,Positive
52,1968836652,definitely cutest movie everrr prom tomorrow AH time get beauty sleep haha,Positive
53,1968836715,hey buddy Ill real friend,Positive
54,1968836744,Damn Twittertried change profile pic theyre suddenly issues images Guess I face day two,Negative
55,1968836747,Ohh I wan na make Oatmeal cookies My horses would LUV Theyre hogs,Negative
56,1968836783,zacs movie partyPaul Blart Mall Cop even funnier 2nd time,Positive
57,1968836846,Move FASTER Nikki Youre going miss first hurricane hurricane party proxy,Negative
58,1968836897,Is dying laughter I love Office reruns,Positive
59,1968836909,Long days work followed fabulous girls night I LOVE friends,Positive
60,1968836921,Whaa whaaatttttt sbox hbox xbox YEH,Negative
61,1968836966,Most influential woman American Societyand course television,Positive
62,1968836975,hahaha saw mall cop theater actuallyso saw twice even saw record,Positive
63,1968836991,Same look diff pic,Positive
64,1968837009,My art short film DSchreursÃ¯Â¿Â½ soundtrack premiÃ¯Â¿Â½res Laemmle Theatres Sunset Blvd next July 30th LA IIVAF Festival,Positive
65,1968837024,really wanted help money made sad keep thing,Negative
66,1968837049,UP 3D,Positive
67,1968837112,best luck new website,Positive
68,1968837196,My new fav,Positive
69,1968837209,Oh wait I must stay awake see Conan Leno tonight must fight old lady urge go bed early,Negative
70,1968837229,lol indeed A superb guy indeed,Positive
71,1968837268,pick one stick,Positive
72,1968837285,seriously ads make lol hard im watching got skillzzzz,Positive
73,1968837361,joined random guys park beer sometimes forget theres thing genuinely friendly people,Positive
74,1968837385,thanks kind words wikiHow,Positive
75,1968837390,grandmas house eating cookies silly things lil brother,Positive
76,1968837406,A yeah would cool finally meet ya Ill try actually go OMGWTFBBQ Im E3,Positive
77,1968837412,VT stuff Pink nowfyi,Positive
78,1968837415,Bed time Hopefully Zune tomorrow Somehow managed send Hawaii Busy weekend I dont mind,Positive
79,1968837479,Its Friday nite amp da plan iz juss stay home amp chillaxBUTdat Friday feelin iz still happenin,Negative
80,1968837555,star trek againon imax,Positive
81,1968837612,Dance rehearsals tomorrow Then tryouts june 15,Positive
82,1968837697,I two pairs Theyre glorified quotSpartanquot slippers I would much rather buy Crocs,Positive
83,1968846955,ahhh make perfect sense haha Just waitin drugs kick,Positive
84,1968846974,Seths uncle shit graduation sad,Negative
85,1968846981,dont like dat LMAO thought u supposed homie,Negative
86,1968846986,Woo hoo 10000 views video new music vids coming soon,Positive
87,1968847010,wooow 16 times Ã¯Â¿Â½Ã¯Â¿Â½Ã¯Â¿Â½Ã¯Â¿Â½ record,Positive
88,1968847014,loving life,Positive
89,1968847128,sounds like goodtime,Positive
90,1968847138,I told,Negative
91,1968847148,good see best friends working together,Positive
92,1968847170,Very exciting Im sure youll ace Ate,Positive
93,1968847185,Mmmmm front mount,Positive
94,1968847187,well talk Maybe Ill sign soon,Positive
95,1968847274,buffet Thank God bc I dont wan na stuff Right Im content,Positive
96,1968847311,Unsuccessfully trying 2 fall asleep 4 day work 2morrow,Negative
97,1968847313,sounds delicious,Positive
98,1968847351,Just finish talking George n Bizzy,Positive
99,1968847356,reading sleep night,Positive
100,1968847408,Not problem Winks,Positive
101,1968847442,im going sleep therefore im pansy fofr succumbing peer pressure lol goodnight nathan,Positive
102,1968847443,Leaving work crack head friend going home get ready go,Negative
103,1968847492,Hey Twitterbugs want talk call 1866645Y100 Khloe dark best new way spend friday nite,Positive
104,1968847559,extent Pens love Malkin Letang maybe lil bit Fleury But yeah bite bullet,Positive
105,1968847605,Oh So cute,Positive
106,1968847753,going vote mtv movie awardsgtgtgt idol whoop whoop lol,Positive
107,1968847768,driving pincho man,Positive
108,1968847801,Goodnight,Positive
109,1968847814,surprisingly going town Douglas weekend im shock ive yet pack weekend trip Douglas,Positive
110,1968847895,Glad made home okay,Positive
111,1968847914,yayyyy ive reached 385 followers blog ty dt amp people helped promote,Positive
112,1968847961,took M1n2 movie went swimming three My day couldnt gotten better,Negative
113,1968847976,thank god tights,Positive
114,1968848122,Hows pechakucha last night lantjar kah,Positive
115,1968848239,Ahh somebody save boredom text meee,Negative
116,1968848279,got,Positive
117,1968848349,4 gin tonics later I could use dick vag Beggars cant choosers,Positive
118,1968848451,Oh alarmed Ive added group dating profile wont let cruise site I,Positive
119,1968848487,You twitter Made day I love lt3,Positive
120,1968848489,first time everything yumm,Positive
121,1968848502,awesome cant wait new album ur one fav singers amp I lt3 sonny w chance lt333333 raelynne,Positive
122,1968848607,LOLn forgot quotyquot Guys added quotmquot Bless sorry,Negative
123,1968848643,Going kaysis hope theres wifi Text,Negative
124,1968848717,well keep looking new house I send real estate karma,Positive
125,1968848764,Whats absolute CHEAPEST place buy clothes I need project,Negative
126,1968848883,btw get playing guys time good Most us listen throughout day,Positive
127,1968848950,Legends right,Positive
128,1968848982,back battttle,Negative
129,1968849029,Dancing night away,Positive
130,1968849040,I absolutely agree I never confident foesnt hurt put thought weak minded follow,Positive
131,1968849164,fly wall,Positive
132,1968849175,What DURAN DURAN quotWILD BOYSquot LOVE IT Andrea,Positive
133,1968849220,lava,Negative
134,1968849260,Listening jonas brothers lt3,Positive
135,1968849269,A youre nice Thanks much,Positive
136,1968849288,wow one day work I sit butt computer HOURSwill sleep soon playlist lekker,Positive
137,1968849503,Is something cant Oh yeah maybe knowing stop More power I guess shrugs,Negative
138,1968849553,Yes see,Positive
139,1968849589,My car parked outside wan Oregon sticker I drank sugarfree rockstar little ago Im super tired I dont get,Negative
140,1968849631,hoping get cycle today,Negative
141,1968849640,At Luna halo concert,Positive
142,1968849658,life sucky lately honest amp,Negative
143,1968849671,late suggestionsno matter girls always love jewellery perfume amp chocolate,Positive
144,1968849683,problem better prepared,Positive
145,1968849691,see koalas taz devils owls gigantic crocodile I think wombat really liked us,Positive
146,1968849709,haha awww u guys better watch shell spazz thatd hilarious pic elleohelle,Positive
147,1968849748,Striving 835 NEW like minded folks join Twitter Reaching 3500 quotTweet Friendsquot June,Positive
148,1968849769,snookered girls,Positive
149,1968849783,haha I know right Im sry still weird like Im channeling TH fan friends,Negative
150,1968849799,sleeping losers people arent vampires,Positive
151,1968849817,CHICAGO IS WAITING,Negative
152,1968849979,love im bed watching tv online aaron night instead partying right,Positive
153,1968850028,watching hgtv waiting fab husband get home work,Positive
154,1968850061,At Canadian border Hope let us crazy characters,Positive
155,1968850081,love nicks hair like reminds puppppy dog iloooovehim,Positive
156,1968850102,Oooh Prototype little week fuck yeah,Positive
157,1968850164,know bullettrain aint fast car im glad youre alive,Positive
158,1968850174,I recently met Kristian Peter visit Australia When coming Would absolutely love meet,Positive
159,1968850182,knock em dead hun,Positive
160,1968850354,goodnight,Positive
161,1968850459,Just testing nifty thing,Positive
162,1968850470,love voice,Positive
163,1968850471,In internet kiosk DelhiSkiing Rohtang pass fabulous yesterday Six hours back Mundane life hyd,Positive
164,1968850535,I bed Family Guy enough Goodnight tweeps Dream loud,Positive
165,1968850726,got wrong numberrr dont call moreee,Negative
166,1968850759,No I wish Just Tuesday Thursday I may start new webcam soon Ill let know make cum,Negative
167,1968850760,shud totally show D haha yeah thats great I made ur day babes lt3 ily,Positive
168,1968850801,LOL If wanted pounds I couldve given,Positive
169,1968850802,love watching movies funny couldnt stop laughing,Positive
170,1968850808,haha thanks thank following mee,Positive
171,1968850815,hahahah member Hufflepuff I find amusing,Positive
172,1968850850,home evening trail ride Whiskey turns fantastic horse perfect Mike Glad decision right one,Positive
173,1968850873,uhor something like,Positive
174,1968850879,Gym time hope yall safe yo,Positive
175,1968850926,go reserve something big live tweeting events help bb10 Im guessing htt,Positive
176,1968850951,I wish today better day turned hopefully tomorrow better,Negative
177,1968851001,She gives energy pill abandons dreamland Hufffff,Positive
178,1968851016,Done gig 1otw bradssending called birthday present wish go along packagehehehe,Positive
179,1968851068,At undisclosed due foodie shame diner It reminds college road trips,Negative
180,1968860562,whooo haha thats awesome,Positive
181,1968860576,Thanks everyone kind words I feel better Dancing Rihanna,Positive
182,1968860661,Take kobe haters Way step fellas,Positive
183,1968860682,Just made cozy fire n cup tea headed tub candles music Mmmmwinter time bliss,Positive
184,1968860715,I could spend every night summer like As long Andy Roddick wins tomorrow life awesome,Positive
185,1968860742,wow thts cool cheersam soooo glad 4 u,Positive
186,1968860798,lets see picture shows tomorrow,Positive
187,1968860800,haha thanks,Positive
188,1968860848,Channing Tatum Kimmel earlier tonight I thought immediately lol Did see,Positive
189,1968860855,love whole foods wallet,Positive
190,1968860894,fun quotYXYquot ranch Enjoy reat exposures normally faulted basalt flows,Positive
191,1968860974,G2G BBL TO FIX OF THE BORING PG,Negative
192,1968861137,I longer dating high schooler Casey officially graduate tonight great,Positive
193,1968861209,iPhone Wait till WWDC June happen There might surprises,Positive
194,1968861221,dressy pants dont want wear dress,Negative
195,1968861252,hahahahaa,Positive
196,1968861265,ur welcome thank supporting deployed soldier I CANT WAIT TO TELL HIM U CALLED,Positive
197,1968861342,Jake pretty exhausted extremely excited laundry tomorrow exciting life know,Positive
198,1968861397,Hey I know asleep,Positive
199,1968861419,iÃ¯Â¿Â½m riding pony far,Positive
200,1968861504,Im completely serious right,Negative
201,1968861508,rush see soon,Positive
202,1968861546,one day paparazzi following mejust u wait see,Positive
203,1968861581,Hahaa maybe wont care Id risk jail time Tc hahah,Positive
204,1968861589,TEASE,Positive
205,1968861677,waiting home bunch friends come talk CS drink,Positive
206,1968861689,Were Block Bucks segmentI try talk times,Positive
207,1968861879,I clean knickers socks today Andy theyre dry,Positive
208,1968861903,When start happening,Negative
209,1968862004,I dunno tell,Negative
210,1968862005,Reading Bible getting ready hit sack Good Night,Positive
211,1968862025,Watching That 70s Show,Positive
212,1968862138,gettin post ready TSG blog hop,Positive
213,1968862189,Going bathroom yall,Positive
214,1968862192,chillen pad B bout sshhhmoke,Positive
215,1968862195,Waiting announcement wish youGOODMORNING Today fresh sunny Saturday morning,Negative
216,1968862213,Ummm I uhh I love I think amazing,Positive
217,1968862218,The Curse Client new version works I think everyone really like early aplha,Positive
218,1968862242,Listening OAR I love group Greeeeeaaat music,Positive
219,1968862264,Lovin new hairdo,Positive
220,1968862334,Ill follow foreverno matter say,Positive
221,1968862454,MORNING LYN Hair extension perhaps,Positive
222,1968862489,I want Good Old Game free GOGgiveaway,Positive
223,1968862569,returned back home I really appreciate called quothome sweet homequot matter home u belong,Positive
224,1968862642,You beautiful family,Positive
225,1968862647,well take youre really good,Positive
226,1968862720,boooo im sorry woke shop online asap get money card,Negative
227,1968862773,Im 1day late 2 thank baby Handsome man,Positive
228,1968862784,Hey ur welcome MARIO341DEAL live gt,Positive
229,1968862843,Thank madam,Positive
230,1968862875,day dreamingalways best,Positive
231,1968862893,watchin george lopez cuz johana got like minutes ago kay well bye lt3,Positive
232,1968862897,playing mafia warsbecause I couldnt possibly anything better,Positive
233,1968862939,youre poet You default hippies,Positive
234,1968862977,Gnite,Positive
235,1968862979,Oh amp I mention boy lost 2nite oh well least I dnt 2 watch basketball anymore LOL It fun lasted,Negative
236,1968862991,Sweet Always happy see someone start using Linux,Positive
237,1968863044,Going active space,Positive
238,1968863050,haz follower,Positive
239,1968863058,going The Getaway Plan tonight,Positive
240,1968863073,going sleeeeeeppp work tomooorrrroow 10 4,Negative
241,1968863114,Hahaha I know right It looks tiny bit like cat void deck Dont u miss hanging Heh heh heh,Positive
242,1968863138,Most people inherently nice,Positive
243,1968863242,I guessing AJ think sure u guys made u loose ur minds wonder hahaha,Positive
244,1968863279,Its birthday Fun things day tonightt Call,Positive
245,1968863291,Thanks thatd great I love Luke great guy We definitely get good photos,Positive
246,1968863322,We grumpiness Lesson learned life focus good things make decision happy God,Positive
247,1968863386,Just saw shooting star,Positive
248,1968863395,shave head hair test,Positive
249,1968863443,Drew said something getting hit car pic Steffy looking mean haha Well interesting Drew,Positive
250,1968863451,hey demi I really love songs amazing voice keep rockin,Positive
251,1968863454,guess ill sinning cause technically thats FRRREEEEAAAKKKKY shiznit yuuuupppp,Positive
252,1968863584,I wan na go goi wan na find know maybe someday road sit back say yeah I thought,Negative
253,1968863619,Oh hey Grats welcome aboard email,Positive
254,1968863630,Oh cheesecake factory good,Positive
255,1968863653,Small world posted picture classmates blog,Positive
256,1968863770,Thank u much,Positive
257,1968863799,Well dont think fans feel little,Negative
258,1968863867,AND AMERICAN IDOL HATES YOU TOO lovee ya deee haha,Positive
259,1968863870,Thanks Your husband took That one fun group,Positive
260,1968863873,So definitely amazing night Havent laughed hard like month,Positive
261,1968863886,Pretty good day,Positive
262,1968863907,quotassistant extraordinairequot,Positive
263,1968863931,im couple years late watched The Urethra Chronicles II guys CRAZY u seem really love ur fan,Positive
264,1968863955,Wide awake Watching hostage,Negative
265,1968863996,cant sleep 2 cleaning house instead,Negative
266,1968864064,going burn burn burn gym,Negative
267,1968864110,miss So much,Negative
268,1968864141,Maybe cheer We love death,Positive
269,1968864176,GNight everyone If youre fan go youtubecomSOSat705 hours watch blog amp I made,Positive
270,1968864220,got back cheesecake factoryyyy saw soooo cute,Positive
271,1968864225,haha mom probably doesnt know made twitter O shh bad adrienne,Negative
272,1968864234,I like youre backgroundits PURPLE,Positive
273,1968864242,cheer miley whats wrong,Negative
274,1968887024,oh k cool got abit wierded sorry,Negative
275,1968887031,Hey Pete,Positive
276,1968887213,going stayp late watching movies,Positive
277,1968887244,No sadness Happiness instead,Negative
278,1968887251,talking conner EEEEEEEEEEEEEE,Positive
279,1968887274,Yay Yay Yayyyy im going another nephew niece,Positive
280,1968887336,little back gave youre amazing person miley never forget,Positive
281,1968887365,back againjust funLOL,Positive
282,1968887402,Got home work hour half ago 40 followers yay Im working art Photoshop Huzzah,Positive
283,1968887456,Sup Drama Thanks interview last night,Positive
284,1968887467,Were watching second season work tonight Currently midst time travel saga,Positive
285,1968887476,yawns I wan na go home mess around stuff I downloadedAlso working Hammer project,Negative
286,1968887478,Heyyyyy new followers,Positive
287,1968887496,read amp youll feel,Positive
288,1968887550,followed ya back twitter,Positive
289,1968887567,Oh thanks,Positive
290,1968887600,PARAMORE tomorrow David Cooks Wife,Positive
291,1968887647,Excited tomorrow night,Positive
292,1968887742,quotUpquot 3d Not bad,Negative
293,1968887750,I bored Going bed Night,Negative
294,1968887772,FINALLY updates please thankyou lol,Positive
295,1968887846,Full mummies bday lunch resting party tonight,Positive
296,1968887866,guess u thought right stranger,Negative
297,1968887921,I cant wait Hawaiian Party tomorrow Beer Brunch n Beach aaah life,Positive
298,1968887948,Huh lol speaka spanish sorry,Negative
299,1968887993,Thank also late ff,Positive
300,1968888024,Hahah update slow I guess I overwhelmed ur support thank u,Positive
301,1968888032,uhmmm School coming Philippines I love watch Hannah Montana Wizards Waverly Place,Positive
302,1968888057,LA Lakers going back NBA FINALS BABY w00t w00t,Positive
303,1968888071,awww im sorryi dont sad glad love youyour amazing,Negative
304,1968888093,finished making cookies cupcakes trying make caramel sauce,Positive
305,1968888122,555 lucky,Positive
306,1968888287,Me amp best thing since slice bread Follow us,Positive
307,1968888339,Mmmm stinky tofu,Positive
308,1968888345,Fell asleep midconversation father handing money Im guessing means I goto bed,Negative
309,1968888352,enjoying weekend though music school graduation ceremony annoying,Positive
310,1968888367,whats wrong Be happy plenty reasons smile Like fans Me,Positive
311,1968888410,hmm I see soft differences already registered ur blog comments,Positive
312,1968888511,Many congratulations,Positive
313,1968888515,playing mario kart muh wii totally kicking justins ass great birfday night luvs muh franz,Positive
314,1968888570,I praying decisions lil sis,Negative
315,1968888579,Today could greatest day lives Come On You Blue Boys Bring CUP HOME,Positive
316,1968888634,little back gave youre amazing person miley never forget,Positive
317,1968888637,ima ruin life fucking bitch dont mess oh yeah cunt,Negative
318,1968888642,I realised surname I didnt know related honest Im KevinScotty fan,Negative
319,1968888653,Im posting truth u mad,Positive
320,1968888696,ABout,Positive
321,1968888702,Thanks,Positive
322,1968888724,Just got home wake 10 got got go sleep gnight tweeters,Positive
323,1968888728,hey thanks,Positive
324,1968888744,oh yeah thanks show tonight guys It sooo much fun Its soo good back fridays,Positive
325,1968888751,great journey,Positive
326,1968888755,I hate siblings always making confused curse V peace,Negative
327,1968888858,good evening Im talking,Positive
328,1968888871,awesome join room,Positive
329,1968888915,hey u mind I bring mate uni tonight,Positive
330,1968888917,Hi David check We gathering votes U Maybe U could tweet link followers,Positive
331,1968888947,Thank much,Positive
332,1968889063,Feeling devious Watch frenemies I yuku coding genius Or possibly play one TV,Positive
333,1968889068,I think I voted least 100 times Remind tomorrow,Positive
334,1968889111,awesomecheer,Positive
335,1968889134,Show wendys went home I want bby call,Negative
336,1968889158,Aw shucks Marty Thanks Ill try live hype FollowFriday,Positive
337,1968889189,dress designer,Positive
338,1968889202,10 Subscribers YouTube I 400,Positive
339,1968889261,With raincoat mdear,Positive
340,1968889390,yes Ur good,Positive
341,1968889458,gtgtgt tweet amp send URL ask donate panties auction Deal,Positive
342,1968889618,INDEPENDENT Do kno wat mean ha,Positive
343,1968889668,little back gave youre amazing person miley never forget,Positive
344,1968889734,Tomorrow quotshakespeare parkquot audition audition soup plantation amp circus michael celebrate 9 month anniversary,Positive
345,1968889742,HAYYYYY whatcha doin,Positive
346,1968889785,downtown Denver kovar Dan,Positive
347,1968889814,LOL ill never say friends abouts u,Positive
348,1968889822,lol well take matter decisions makes gear good bad,Positive
349,1968889843,watched day earth stood still preeeetttyyy goood,Positive
350,1968889855,ouvindo american gives u hell,Positive
351,1968889876,Ha youre welcome,Positive
352,1968889935,I could glasses filtering makes easier see screen long periods time,Positive
353,1968889973,new jeans shoes,Positive
354,1968890045,Heard club poppin Just picked Princess,Positive
355,1968890106,dont reply account go jAsATTACK777 account technical diffculties,Negative
356,1968890135,Byebye Summer h Rainy Season welcome back Philippines,Positive
357,1968890167,guy handcuffsdrunk driving maybe nice lexus police searching cardude kneeling sidewalk handcuffs,Positive
358,1968890201,watching quotsonny chancequot cousin ryt,Negative
359,1968890267,playing cubby house,Positive
360,1968890313,I got redbull vodka hand,Positive
361,1968890413,seems like u long day,Negative
362,1968890422,little back gave youre amazing person miley never forget,Positive
363,1968890468,Awe bbs cute especially,Positive
364,1968890477,Its everyone loves Demi haha,Positive
365,1968890511,hey nop CANTT feell like thatt stand amp continue whatever ull solve et fine,Positive
366,1968890525,get see boo tomorrow work,Negative
367,1968890652,At RPM boyfriend homies Were heading drive ins 11,Positive
368,1968890655,omg hahahahahaha love madison shes one amazing little girls,Positive
369,1968890797,full djim sum,Positive
370,1968890807,Hope fun 625am yyyaaa,Positive
371,1968899763,Just finished watching Hitch I love movie adorable,Positive
372,1968899766,Ã¯Â¿Â½Take attitude student nevr 2 big 2 ask questions nevr know 2 much 2 learn something newÃ¯Â¿Â½Og Mandino ltLike It,Positive
373,1968899814,little back gave youre amazing person miley never forget,Positive
374,1968899818,welcome twitter easily becomes obsession,Positive
375,1968899826,Doing pretty good Getting ready another hike next day,Positive
376,1968899840,Alcohol incident one gems SLL,Positive
377,1968899896,TAKE ME WITH YOU D I NEED THE MONEY FOR A NEW PURSE,Positive
378,1968899903,get refix cant keep LOFNOTC,Negative
379,1968899915,Getting see gurl tomorrow Love Hanging besties,Positive
380,1968899920,I I lost Chinese girl A little bitter I probably BUT I beat grl,Negative
381,1968899999,feel like dying xee heaven,Negative
382,1968900037,raining im emo mode,Negative
383,1968900052,dont think ever going evolve riga,Positive
384,1968900068,hehglad like work I could figure way get ppl pay,Negative
385,1968900082,Watching That 70s Show hilarious,Positive
386,1968900098,Lol thank,Positive
387,1968900124,thats darn delightful Demi,Positive
388,1968900166,many things planned going happenng living life yo,Positive
389,1968900468,Your welcome,Positive
390,1968900485,Hey Pisay follow,Positive
391,1968900504,Hmmm really Care divulge,Positive
392,1968900532,This Lunduke guy good,Positive
393,1968900560,turn frown upside gurl,Negative
394,1968900579,Ohhh I like RotF one,Positive
395,1968900702,I preorder LVATT tomorrow morning new sound sounds awesome lol,Positive
396,1968900746,gooooodmorning today celebrating 6th anniversary btw without romatic picnic extra kudos,Positive
397,1968900783,great movie You see,Positive
398,1968900808,Getting paid 50 hour right nothing shift cancelled,Negative
399,1968900825,really want see looks cute,Positive
400,1968900873,To Blenders Where youuuu Come quick quick quick Lots,Positive
401,1968900931,I get dance,Positive
402,1968900952,sooner later thoughit compliments toast,Positive
403,1968900963,halo kak hehe might know read blog like,Positive
404,1968901015,Stop Your Too Kind Thank You,Positive
405,1968901062,You great chatting Wish I would followed sooner Have wonderful day tomorrow,Positive
406,1968901124,go gurllllll fun,Positive
407,1968901176,little back gave youre amazing person miley never forget,Positive
408,1968901195,started using reusable water bottle week saved 10 disposables far,Positive
409,1968901209,landedipod still shufflehola hovitojay zvegas whats goody,Positive
410,1968901230,isare socasitters irishattic identities,Positive
411,1968901373,Mmmm Dr Pepper best,Positive
412,1968901381,Im diggin gameplay ACIT looks epic,Positive
413,1968901427,A whats matter miley hope feel better awesome dont let anyone bring,Positive
414,1968901574,Ive let brought feels DAMN good GrindN pays Shout outs rappers letting feature,Positive
415,1968901599,Oh questions harder I thought But overall questions doable kindof easy,Positive
416,1968901649,finally done reviewing kaplan diagnosticand JAYS finally WINthey beat boston massholes,Positive
417,1968901722,That white stuff corner crack THATS WHY THEYRE SO GOOOOD,Positive
418,1968901773,1ihatepublic restrooms 2iwish could pee standing 3icnt pee everyone bt everythings good,Negative
419,1968901843,going similar disfiguring goddessimplosive disgorgence,Positive
420,1968901871,going see dears,Positive
421,1968901961,Ran faves night town,Positive
422,1968901993,I forgot say outloud beautiful really,Negative
423,1968902006,Aww dont worry Nick I think cool SPARKLE,Positive
424,1968902095,Who,Positive
425,1968902229,I love even rocks reflect Gods glory,Positive
426,1968902440,I know I know I preparing finishing work revision week But sex amp city fun watch,Positive
427,1968902464,Hahaits funny u look like Hows,Positive
428,1968902476,Ive listening older songsyou talented I would LOVE chance write someday,Positive
429,1968902511,eating veggie enchilladas trader joes catching worldwhich really means starring Rpatzs new shirtless pics,Positive
430,1968902537,A woman bathroom asked quotYou quotId See It Ifquot werent youquot My first recognition video series,Positive
431,1968902539,Try something new fun,Positive
432,2326531889,getting ready go work sucks,Negative
433,2326531983,O good lord I learn use Castor And I dont mean sugar Someone please kill,Negative
434,2326532300,arms sore swim practice,Negative
435,2326532369,craving pack crisps im diet lol,Negative
436,2326532651,cant send sms gmail anymore,Negative
437,2326532770,wokee upI miss aaron,Negative
438,2326533256,That link doesnt work,Negative
439,2326533613,I probably go I ban one hoy hoe ones maybe I look,Positive
440,2326533675,Thats oddMy RCsince the1st betahas absolutely fineI also love35also ABP addonbut memory usage vs SW IronChrome,Positive
441,2326534169,Im hungry I eat fruits,Negative
442,2326534887,Nah I ordered Boa Slim Case MBP online shop It save 20Ã¢âÂ¬ ever deliver,Positive
443,2326534937,You careful I dnt know heat index SA supposed another triple digit day 101,Negative
444,2326535010,Wine rack fail It completely loaded Chateau Neuf du Pape,Positive
445,2326535051,Oh gosh I wish wouldve taken plane,Negative
446,2326536002,missed Ryan every day week thankfully home tomorrow,Negative
447,2326536694,Ok ipod left mins said teacher spotted told get,Negative
448,2326536716,Why Ocarina Time expensive,Negative
449,2326536849,I havent slept long time,Negative
450,2326537756,I want candy,Negative
451,2326537890,want ice cream van,Negative
452,2326537985,banduuuuuuuuuuuung,Positive
453,2326538372,take ate much,Negative
454,2326538941,daddy gone,Negative
455,2326539253,Too right especially uploading,Negative
456,2326539405,No love Canadamust US citizen enter,Positive
457,2326539626,hey sweetie And I go,Positive
458,2326539642,On way damn doctor hate sick,Negative
459,2326539691,Im really tired I want guy sweet like Emmas boyfriend Degrassi,Negative
460,2326540020,Damnit iPod battery How I survive train ride home,Negative
461,2326540525,I feel like trash sitting sidewalk smelly My head hurts,Negative
462,2326540582,ER wit mah daughter shes feelin good,Negative
463,2326540673,happy crush,Positive
464,2326541605,Am I ever going feel sick,Negative
465,2326542340,aww I think working entries made sick,Negative
466,2326542663,,Positive
467,2326543071,That lovely shower Likely last one Ill,Positive
468,2326543078,I woke early today,Negative
469,2326543105,lmao gon na hot today,Positive
470,2326543786,Didnt wake happy I frown face Ughhhh excited class,Negative
471,2326543913,true quote I miss friends I moved away life sweeter,Positive
472,2326543934,long hair cutebut single,Negative
473,2326543988,I miss red hair,Negative
474,2326544113,lt3 ur deconstructed pesto salad recipe maybe Ill make today And c whos coming Jtown G Baum YIKES,Positive
475,2326544316,In PE fit BB lt3 Im sitting,Negative
476,2326544347,Someone said hated Resident Evil 5 quotwasnt nearly scary Resident Evil 4quot RE4 also scary period,Negative
477,2326544500,On 20thJune 730am said youd talk us tomorrow never happened Why Whats happenedwe offended,Negative
478,2326544546,I didnt eat breakfast morning,Positive
479,2326545160,Gon na see hangover today zora yay Wish bought 311 tix,Positive
480,2326545190,Please dont bank abbey santander absolutely useless business banking Have locked biz account 2 months,Negative
481,2326545421,Been Hot TN weeks The air month Thankfully yd amp cool enough 4 open windows Blessings,Positive
482,2326545832,common denominator last two notfeelingwellmoments OYSTERS Someone tell via good place allergy,Positive
483,2326545898,doesnt feel like twittering much hasnt past weeks ah,Negative
484,2326546110,I love mine,Positive
485,2326546362,I wish I got DWM I live states luck,Negative
486,2326546795,ok watch,Positive
487,2326546895,OMFG ouch something went snap elbow amp really hurts,Negative
488,2326547097,special Windows 7 upgrade pricing EU,Positive
489,2326547298,hmmm diagnosis left computer speaker suggests blown tweeter,Negative
490,2326548070,isnt though Ive waiting new cd forever course theres hot topic near right,Negative
491,2326548311,Why early,Negative
492,2326548632,Im working tomorrow Dunnes sucks,Negative
493,2326548714,late Rodge Dens But soon Ill get rid kids,Negative
494,2326555664,I didnt win jonas brothers tickets radio well theres always tomorrow,Negative
495,2326555833,I unaware face could get fat,Negative
496,2326555936,Getting ready 4 tonight Im tired dammit Hope everyones gd day xxx,Negative
497,2326555958,cravin sushi,Positive
498,2326556183,didnt come say bye bye,Negative
499,2326557048,went doctor yesterday got shot effect sucks fxckin hurts like hell,Negative
500,2326557927,Ill weekend excuse go church Sunday see 1145 Pastor West,Positive
501,2326558188,going miss good pal x,Negative
502,2326558607,thats awesome howd know though yvonne told group wait til basically started back find grade,Positive
503,2326559273,I think realizedI feel relieved lost,Negative
504,2326559414,PS hope know lucky u r watch rugby tv In states even rugby bars arent showing Lions tour,Negative
505,2326559682,I wish Bill Gates,Negative
506,2326559946,Hey girl Doin ok Whats internet,Positive
507,2326560021,oooowwie cookies hurty,Negative
508,2326561002,work feeling little nice Imma visit site little later oh try rest,Positive
509,2326561044,Advice day Dont fall asleep contacts My eye wicked bloodshot burnssssss,Negative
510,2326561095,I say thats probably one disappointing links I ever seen I expecting something scifi,Negative
511,2326561140,Leg swollen Hurts walk,Negative
512,2326561223,nothing worse horny bird tries distract amp sneak peak Pfft Are ok though,Negative
513,2326561574,wishing DC could kick Paul Rudd,Negative
514,2326561802,Cutest AKC Mini Dachshund Puppies Only 3 left Expecting Chocolates amp Chocolate Dapples Soon,Positive
515,2326562155,thought u said wasted time wit im happy u found something funny w itamp kno rock school,Positive
516,2326562244,Studying 4 hours 330 morning im already,Negative
517,2326562901,trying fix 1TB lacie drive blue light keeps blinking wont mount desktop hardware trouble,Negative
518,2326563537,maracaibo gt,Positive
519,2326563551,Worrrrrk attempting grown thing blows,Negative
520,2326563600,Soooooo tired I wish I didnt work today I want nice soft bed,Negative
521,2326563747,haha way day going sounds like good idea bad I meeting tomorrow,Positive
522,2326564317,ohh reallyI thought germs,Negative
523,2326564325,lil mamauhmmmmm r u cociane NY nah still like 3,Negative
524,2326566146,Dieting sooo hard I want big mac wit fries HiC 4piece nuggets,Negative
525,2326566361,But Im anyway,Negative
526,2326566585,History killing And I forgot almost everything taught school holidays,Negative
527,2326567457,time getting victoria tonight I cant stay long think I getting cold,Negative
528,2326567513,OMAIGAD I NEED TO BE WHERE PP IS NOW AHH MASKED HONGKI MASKED JAEJIN MASKED JONGHUNMASKEDSEUNGHYUNMASKEDMINHWANOMIGADDD SKILM,Negative
529,2326567587,scaredmadsad,Positive
530,2326567787,Crews depolished wrong house based GPS coordinates,Negative
531,2326568155,Had small accident morning Guy opened door I pulling parking spot I stopped late,Negative
532,2326568306,I wouldnt even know start fixing Sony charge bomb receipt warranty,Negative
533,2326568426,mad tried cant,Negative
534,2326568497,Aww I missed cool stuff,Negative
535,2326568833,aww I hope dog gets better Thats awful whats wrong,Negative
536,2326569129,Headed back home Job oh sorry Gail didnt need morning Me,Negative
537,2326569265,Twitter phone getting annoying Ahah At summerschool,Negative
538,2326569396,doesnt really want work 9 half hours tomorrow Just wants spend proper day baby Pancakes smelling good,Negative
539,2326569664,kids ready go see Mickey Mouse dang sleep chick,Negative
540,2326570243,My fringe supposed today,Negative
541,2326570345,My lil ones gone summer I shall miss Now time focus Moving,Negative
542,2326570594,I wan na see transformers 2 itshows 12 2nite im goin 2 airport 1,Negative
543,2326570646,ugh im upsomeone shoot Goin Sanfordgod hate mornings,Negative
544,2326570818,Moocom broke another bummer,Negative
545,2326570889,Hmmwell spies investigating disappearanceLol I miss Kate gon na FUN,Negative
546,2326571415,tired couldnt sleep good last night,Negative
547,2326571708,Im sorry lil chickadee Im gon na give call next weekenjoy rest time homesay hi bro,Positive
548,2326571800,Has learn prioritise things better,Positive
549,2326571910,sighs Has since 5am freaking reason Laid bed 2 hours still couldnt get back sleep Is ooohhh sooo tired,Negative
550,2326572144,I reach great way responding,Positive
551,2326572235,WorstHangoverEver Need healing potion ASAP On second thought sleep better Still cant find staff,Negative
552,2326572499,hoping cousin doesnt stand today,Negative
553,2326572629,I hear ya unfortunately boss file review 2mr client I get review sheets done files,Negative
554,2326572993,love canadausa citizens,Positive
555,2326573105,nummi icelandic slang sweets nummi today funeral today,Negative
556,2326573269,Pray Im facing one hardest days life,Negative
557,2326573675,thanks,Positive
558,2326574006,hell I become dude cuzouggghhh I feel sick today sis law I wan na go homecome save,Negative
559,2326574034,Sorry hear Though follow action PrideTO tag,Negative
560,2326580503,Eating breakfast Mioposto amp cup teaBig monkey dont drink almond milk 7g sugar cane juice unsweetened,Positive
561,2326580680,twitter pooor LOL guttted need something exciting,Positive
562,2326580720,Sorry hear Though follow action PrideTO tag,Negative
563,2326581185,I know blurry first sighting Junebug year,Negative
564,2326581220,How I sure I entered got overloaded I THINK worked Im 100 sure,Positive
565,2326581255,soooo wish could wont able make saturday hope goes great,Negative
566,2326581377,I miss boyfriend,Negative
567,2326581437,Work Ughhh I rather sleeping,Negative
568,2326581833,Sitting docs office waiting retake blood pressure,Negative
569,2326581971,I miss Trina I even miss room death,Negative
570,2326582248,Meet four waah im semitanand hurts mishin boy,Negative
571,2326582806,Cant hardly wait Blackberry Tour Wish I,Negative
572,2326583476,months later nothing happened,Negative
573,2326583668,I dont know Im going next week,Negative
574,2326583812,oh god I sooooo bored dont really wan na update cause ill updates followers boredom takin control,Negative
575,2326584371,tummy hurts,Negative
576,2326584453,wondering hubby dying head poor guy,Negative
577,2326584543,I miss u darling,Negative
578,2326584722,food kentland rec centr food bank,Positive
579,2326585019,put dog I grew sleep,Negative
580,2326585070,Packing australia right I dont think I enough things ohh mann I need hurry,Negative
581,2326585190,oh Im still year 10 School sucks,Negative
582,2326585257,oh dayss im tired I feel like crap amp woman ebay cow,Negative
583,2326585353,Good morning looks like clouds today cooler NW PDX Oh well Its day,Positive
584,2326586124,think heading bed work mornin arrggghhh,Positive
585,2326586146,Yo Carly I indeed Sorry I wasnt Friday ruined swine flu Or possibly bird flu,Negative
586,2326586323,Dec seems year2100,Negative
587,2326591167,im missin sour sallyy,Negative
588,2326591232,month I think,Positive
589,2326591237,theyre knocking old part gaaah planners never learn,Negative
590,2326591294,Im nervous I may messed 100 average,Negative
591,2326591686,Ive since 6 getting bed tonight til gone midnight I cant function boss 18 hrs,Negative
592,2326591820,wondering hubby dying heat poor guy,Negative
593,2326592234,leaving yet,Negative
594,2326592708,What awful punishment soon I got stools sold page Circus came radio Sold freakin 3 Mins,Negative
595,2326593928,seeing blue sky torturousand dont u know itcome wkend itll rain,Negative
596,2326594760,cant find lawn seats blink 182,Negative
597,2326594767,ouch hurt feelings I really energy talk yesterday,Negative
598,2326594792,waht bad day wetter hot,Negative
599,2326595266,miss much going,Negative
600,2326595378,I miss straightener,Negative
601,2326595645,didnt win tickets harry potter tour holland,Negative
602,2326595681,cant go anywhere lockdown travel sux u better 2 make 4 yesternight,Negative
603,2326595809,ccmulan q neunsna mayari q saturday iReallyMissHim tears langan gawin mmrz,Negative
604,2326595883,Is back home first time week I miss DJ It feels different bed alone,Negative
605,2326595966,I see outside office window Its I jealous x,Negative
606,2326595982,good night,Positive
607,2326596484,realized zoneedit since yesterday thats reason receive mail,Negative
608,2326596627,aware,Positive
609,2326596891,OH goodness awful,Negative
610,2326597126,WHERE YU BEEN AT BOO YU DONT DM ME OR NOTHING,Negative
611,2326597463,Now I see people like drink washes worries away 2 bad pain still afterwards Miss forever Tee,Negative
612,2326597553,I wont sleep today Ill study study study,Negative
613,2326597713,charger messing shucks,Negative
614,2326598081,Trying get damn website load I get tix vfest wellMy computer slow,Negative
615,2326598433,looked line theres McFly,Negative
616,2326605480,Crap I realized empty I using non fatfree Coffeemate week,Negative
617,2326606029,Ive reading steampunk webcomics last 2 hours got get life right visiting baby missingladydjnite,Positive
618,2326606098,yes life suxxx,Positive
619,2326606303,Drinking French Vanilla coffee workHave pack clothes 2night 4 roady 2mrwI dont want leave I want come,Negative
620,2326606906,cold think ima go back sleep coz need go school feel sick,Negative
621,2326607137,im leavin nw lol cn u plzzz bring hayfevr tablets I 4gt agen ampno cred 2txt u x,Negative
622,2326607174,I HAVE TO SAY LOSING SOMEONE SPECIAL NEVER GETS EASIERAS WILD HOUND DOG WOULD SAY BARK BARKHELL I DONT KNOW WHAT THAT MEANS,Negative
623,2326607503,ponytail threatened someone told got hold would set blaze,Negative
624,2326607572,Think Im going go doctor today shoulder killing spanking arm,Negative
625,2326609703,wowow cant believe im going flordia anymore im sad least get go six flgs da 4 july,Negative
626,2326609769,lame work 7 hours,Negative
627,2326609978,Whose playing atm Im train tv,Positive
628,2326610559,At work nice day wish I driving 69 Mach 1 Mustang,Negative
629,2326610637,NBA draft finally heretoday cut nape time worth say least get ready work,Positive
630,2326610806,im frustrated place work I ever know Do I already know,Negative
631,2326610826,didnt get welcome,Positive
632,2326611307,I NO signal place I go outside send message,Negative
633,2326611558,Im ready weekend,Positive
634,2326611563,Jury duty hope least good case,Negative
635,2326611935,Met fc today Her arrival saved amp sowmya frm pjs crackin She left amp took ovr agn,Positive
636,2326611992,Just got work At school Going back work afterwards,Negative
637,2326612121,tried make look like football pitch haha Bored harry potter,Negative
638,2326612203,Going listen All time Low The Academy Is Fall Out Boy Panic At The Disco 3OH3 tan But back burnt,Negative
639,2326612299,doesnt feel well someone come take care please,Negative
640,2326612673,RIP Prof Phillips I wish I chance actually take class,Negative
641,2326612870,wrote Music Jam long time But sadly didnt even bother read,Negative
642,2326612967,Just waiting everyone wake I stop talking,Positive
643,2326613187,Awwhhh I wan na go I got ta 2 VA weekend Tell Happy Bday ME,Negative
644,2326613189,nah kidding say whats special bilingualism I bilingual I feel might never enough,Positive
645,2326613197,Got parking ticket yesterday The roof fixed A neighbor called complained Going try get later today,Positive
646,2326613670,I go school today,Negative
647,2326613815,Mmm identica seems bit broken upgrade,Negative
648,2326614119,I would go I could really Good night xox,Positive
649,2326614360,That sounds good You evil Next time keep info Sigh,Positive
650,2326615132,contest see could hold water mouth longest loli miss,Negative
651,2326615224,10 battery remaining iTouch No music No twitter faceboook,Negative
652,2326615241,Daylong teaching admin meeting,Positive
653,2326615560,I feel though I one seen movie yet,Negative
654,2326615830,Im wimp I hate sleeping bed first time alone I move around shakes,Negative
655,2326616032,wants cuddles,Negative
656,2326616052,dll coding,Positive
657,2326616396,cant go anyways theres tickets left,Negative
658,2326616507,I would I wasnt I,Negative
659,2326617328,Gon na long day tattooing St Vincent show birthdays Wish I felt better,Negative
660,2326617563,oh god I didnt know Im sorry Your Gabriel looked absolutely lovey beautiful I sad,Negative
661,2326617631,But didnt memory left One Song amp I showed 1st 2 asked 2 watch One Song Im failure lol,Negative
662,2326617933,I need mow lawn PARtay I hate mowing,Negative
663,2326618006,1000000 iterations get see single hazy blob grey background,Negative
664,2326618026,Finally thru waiting board plane Man Im runnin like 2 hours sleep holdin coffee till land,Positive
665,2326618155,I opened mouth within earshot someone said something I kept,Negative
666,2326618301,That sucks Yea maid charges 65 thats 2 living rooms 2 bathrooms kitchen common area floorsstairs,Negative
667,2326618550,3rd time pruple line someone fallen asleep next ive shoulder push,Negative
668,2326618828,Wants see Transformers 2 one go 2 see,Negative
669,2326618901,vou ler shakespeare,Positive
670,2326618988,Hey Thanks third time happening I finally going Dr,Positive
671,2326619667,Almost pink washed hair,Positive
672,2326619797,btw vote sophie retweet,Positive
673,2326619948,Missing Sunshine every day,Negative
674,2326620781,Ive got one week enjoy college DANNGG,Positive
675,2326620852,wow rooms tidy haha Starving never breakfast lunch boo So much dust flying around hahah,Negative
676,2326620892,well done cus wont cheap lol Lets see lasts u exams wen u go bk ui,Positive
677,2326620908,Nope Stop harrassing Jon Haha If follow u nope u cant send DM,Positive
678,2326621007,I dont think I cut 95 I need somebodys house wife activities side extra cash,Negative
679,2326621467,I saw shit grewmine didnt,Negative
680,2326621521,haha going BAKING today crack chipotle hot day never good idea lol,Positive
681,2326621526,Leaving dallas today coming backdifferent Peace necessary,Negative
682,2326621803,I never got Huhuhuhuhuhuhu everyones fast Lol,Negative
683,2326621961,Yh nice Sorry phone battery I couldnt tell I arrived ahh need come ny,Negative
684,2326622809,whats wrong 6pm,Negative
685,2326623118,getting ready go im tired,Negative
686,2326623147,Love finding I work sat,Negative
687,2326623191,At work math homework,Negative
688,2326623444,im scared look SAT scoressssssssssssss ughh gon na ruin wonderful mood im innn,Negative
689,2326623670,punched glass cuts shit hand,Negative
690,2326623765,want go ayg ugh stupid,Negative
691,2326623777,wants rain neeed rain My head hurts,Negative
692,2326623815,fudding hell surprise news Fighting With Wire genuinely surprisingbit shocked sadwas looking forward set,Positive
693,2326623870,Wish I gna anywhere NEAR NYC cuz I would SO unfortunately bank account wont accommodate Come 2 STL,Negative
694,2326623913,But Im trying amuse family pc really slow programless haha I dont even YM,Negative
695,2326629636,Se zÃÂ¡kladkou JÃÂ¡ jsem nedÃÂ¡vno mÃâºl sraz po deseti letech od maturity,Negative
696,2326630028,Ukh 3ad I never,Negative
697,2326630421,wishes tomorrow never come,Negative
698,2326630553,run hopefully One captured believe names may revealed,Positive
699,2326630922,At docoter,Positive
700,2326631069,At doctors office,Negative
701,2326632540,No work Doctor back home sleep crap Oh feel bad allt3,Negative
702,2326633055,starting morning reading microsofts outlook reply campaign looks like futile,Negative
703,2326633436,want cookie absolutely nothing sort house,Negative
704,2326633537,Help us grow facebook page 4 fans,Positive
705,2326633580,glasto,Negative
706,2326633795,Got sick workout anyways p cant give,Negative
707,2326633813,The weather dude said sun going come today yet freakin sun Its depressing,Negative
708,2326634817,Sometimes Now I feel bad,Negative
709,2326634909,Totally Loved last House eps S05 Now long wait 06,Positive
710,2326635009,missing badly,Negative
711,2326635326,10 days thats long,Positive
712,2326636050,OMG U online forever I felt bad I woke morning I didnt know u still online I shouldve checked,Negative
713,2326637046,ive nightmares kind every night week starting Sunday night really scary one last night couldnt sleep,Negative
714,2326637348,pleasant day office,Positive
715,2326637406,eeek induction day,Negative
716,2326638382,NOOOOOOOOOOOOOOOOOOOI jealous friend,Negative
717,2326638391,misses singapore much cant wait back 2 days,Negative
718,2326638617,oh im sorry claire side u shouldve taken picture,Negative
719,2326638723,dude playing roddick wimbeldon right name kunitsyn makes think kuny,Positive
720,2326639156,Dont like new pic,Positive
721,2326639454,I miss Thursday Meals Kitchen friends Mark Erica Nick Sarah Adam Laura LibbyI could go I miss,Negative
722,2326640153,ahh still sooo hot hopefully AC fixed work today,Negative
723,2326640213,Thursday Because I work today,Negative
724,2326640269,stay,Positive
725,2326640639,hates kristin stewarts look new movie looks like freaking ZBZ nightmare really doesnt look good trust,Negative
726,2326640757,I still feel bad I cant come Sorry dude,Negative
727,2326641097,Id love come see Atlanta ten hour drive parents arent totally,Negative
728,2326641662,slept todaygonna long rough day,Negative
729,2326641720,Im even sure means OK,Positive
730,2326641760,Last day colorado everything expected Leaving home around 930 10 pm,Negative
731,2326641916,Frizbee golf kills RIP WATER BOTTLE ROFL Sweetest shot ever Go,Negative
732,2326641930,cookie eated face hurty,Negative
733,2326642280,went school monday r u,Negative
734,2326642296,I want geeky fanbase,Positive
735,2326642330,WORKY TIMES bye byeee,Negative
736,2326642436,I beef RR Just cant run web server behind,Negative
737,2326642708,Omg I think Im dying,Negative
738,2326642888,ooooooooooooooow tummy hirts,Negative
739,2326643000,My computer wont connect internet sit sherrys desk til get fixed,Negative
740,2326643082,I way much stuff,Positive
741,2326643224,Went dentist morningclean teeth But teeth gums hurt,Negative
742,2326643328,walking work realized right foot dramatically smaller left,Negative
743,2326643624,time get finger broken,Negative
744,2326644196,graduating today ehhhh exiting shall miss school hope theyll give art projects back S,Negative
745,2326644456,right,Positive
746,2326644549,cant reply DM cause u arent follwing,Negative
747,2326644615,july 23 cant go bc get home FL day well party sometime soon promise,Negative
748,2326644848,keep us updated I call mom updates,Positive
749,2326645310,crippled right hand,Negative
750,2326645470,Suffering whims Sourcforges ahem upgrades,Positive
751,2326645960,I wish I cool old name Like Emily Elizabeth Dickinson Edgar Allan Poe ANNE SEXTON But Im stuck Chai,Negative
752,2326646027,De retour de mon oral sick french unconscious racism admit one exam I working full time Yeah,Negative
753,2326646182,feeling sick wishing I could go home today But alas payroll day I may leave,Negative
754,2326646238,Its gon na long miserable frustrating trying day And ive still got 65 hours,Negative
755,2326646426,Fixed Some addresses dont work difficult isolate postcode rest address,Negative
756,2326646623,nah shaun said sumfin bout huge tour end year including perth Do like xx,Negative
757,2326646931,The Hero seems much like iPhone 3G S hype given lack new hardware functionality,Negative
758,2326646991,After 4 hours sleep I made big strong cup coffee take work forget counter home,Positive
759,2326647126,welljust woke nuthing goinng party yeaterday got sick made want go,Negative
760,2326647244,lol Sun extract THAT true violence screaming queen,Positive
761,2326647361,working nailsalon,Negative
762,2326647468,ugh headache,Negative
763,2326648262,oh god poor guy,Negative
764,2326655032,I wan na cake,Negative
765,2326655271,Jumped waterfall oh yeah Cold though,Negative
766,2326655316,Xina misses AEHQ I missed KXD,Negative
767,2326655426,I wasnt calling silly Ok byesie bye xx,Negative
768,2326655529,Im running low College Humor videos HELP ME,Negative
769,2326655705,Wet Backs Soaking Sheets Oh My My new blog post repelling clothdiapers,Positive
770,2326655738,ahhhh home life chores,Negative
771,2326656202,Shuck life 9 days,Positive
772,2326656358,tomorrow gfsIm nervous,Negative
773,2326656492,HAHA GOOD YOURE ON TWITTERR miss man,Positive
774,2326657010,Received letter school says exam timetable strictly adhered Upset,Negative
775,2326657134,OMG well last Mondays episode announced divorce I actually crying,Negative
776,2326657901,hey replies stack working grrrrrrrr,Negative
777,2326658033,swimmers pretend oh,Positive
778,2326658304,ill atm twitter looking ice hockey stuffage,Positive
779,2326658316,oh god im wearing thinnest top ever theres decent breeze outside still disgustingly hot want die,Negative
780,2326658362,calamity Im working fridaysunday need money I need party though,Negative
781,2326658367,cant spell assets without ass Actually I dont much ass oh well The check still wont bounce,Negative
782,2326658509,really thats kinda close haha arent sitting friend ampno im cincinnati arent coming,Negative
783,2326658754,talked baby aww miss much,Negative
784,2326659053,ok lang yun quartz bf cant make though tapos rest didnt reply,Negative
785,2326659740,I wish I somewhere else right Like beach Not effing school 4 weeks left,Negative
786,2326659755,lifechanging decisions,Positive
787,2326659887,But must must able make I sad It pjs inspired teh partayyy,Negative
788,2326659900,Obviously gon na make pilates,Positive
789,2326660037,Everytime I hear quotShort Skirt Long Jacketquot Cake I miss LeBaron lot,Negative
790,2326660068,bored mind want pizza everywhere closed,Negative
791,2326660865,iunderstand take poorly coded flash site old job hated,Negative
792,2326661638,Seems previous owner place left us mo rubble mo trouble drains clogged kinds dirt Plumber tomorrow,Negative
793,2326661810,Working late office,Negative
794,2326662171,Gosh Zara shoes MUST HAVE Haw ce beraattss To bad dont size Blm jodoh,Negative
795,2326662317,God Dammit summer reading,Negative
796,2326662483,No time tweet,Negative
797,2326662530,french saunders sold outactually seriously devastated,Negative
798,2326662549,Arghh gon na go shoot hoops yes time raining,Negative
799,2326662670,pics must change everytime I refresh new pic always shoes,Positive
800,2326662705,I need fancy avatar,Positive
801,2326663407,Need encouragement Papa Rooo I falling apart Back back Triple Bogeys 12 6,Negative
802,2326663771,ok doesnt matter u sleep urs friends house ok,Negative
803,2326663954,I wish website clickable,Negative
804,2326664497,Had blast As game last night Too bad lost,Negative
805,2326664605,sorry I left I sleepy hehehe,Negative
806,2326664632,also look made,Positive
807,2326664745,yeah Im gone August Ill couple weeks July,Negative
808,2326664926,I swear im going dead time leave broken limb Just hit head coffee pot,Negative
809,2326665125,hope I dont get caught using computer Im banned earlier today,Negative
810,2326665270,nooo thought sunburn found neck legs,Negative
811,2326666291,getting ready head back Big Apple,Positive
812,2326666770,My Firefox got weird All extensions stopped working like Tried reinstall Firefox doesnt work,Negative
813,2326666907,dont even say dont want reminded wont leave wont ahhh without mollster,Negative
814,2326667354,Wondering financial aid rejected,Negative
815,2326667682,dunno hurts deep inside,Negative
816,2326668003,Thatss good,Positive
817,2326668136,Ughthis heat Poor hair,Negative
818,2326668213,He refused take part last minute Not best day today,Negative
819,2326668525,LOL I hop subway still relaxing home The inevitable Work,Negative
820,2326668654,aww really sorry hear im still debating color thats anxious see lol,Negative
821,2326668898,Need food point today Nothing appealing,Negative
822,2326668950,wow early todaymaking yesterday ha Love youamp great dayDaddy play golf today Houston,Positive
823,2326669467,The line isnt moving I le tired,Negative
824,2326669478,Out days tear gatsby poster today,Negative
825,2326670364,Oh love Thats awful Ill keep guys prayers today,Negative
826,2326670425,friends hate changed wallpaper snake know thats greatest fear,Negative
827,2326670442,Thank f4 overthetop woofwednesday Im facing deadline 4 client amp must get back 2 work But look followfriday,Positive
828,2326670445,tried gluten free diet daughter 8 months gt difficult amp difference,Negative
829,2326670551,another night scary dreams,Negative
830,2326670582,Oh dear,Negative
831,2326670620,On way seattlebut stupid standbyi didnt get,Negative
832,2326670668,Cant log iPhone ie ff safari Nothing identica,Negative
833,2326671080,I dont know Shell homeless streetz Maybe take wing,Negative
834,2326672005,Going dentist amI 2 teeny cavities I dont even remember last time I cavities Am NOT looking forward,Negative
835,2326672327,going headshed beat marly318,Positive
836,2326672553,Walking poochessome daft bat firing gun babies scared,Negative
837,2326672677,Headache fever,Negative
838,2326672962,somehow AIM shut asking password uh years,Negative
839,2326679976,Who knows I started new job I cant take vacation time yet,Negative
840,2326680050,misses baby,Negative
841,2326680059,haha stop swear im like lil night owl get much done night amp use everything day,Positive
842,2326680110,I wan na go home,Negative
843,2326680171,Bought TShirt Breakout arrived late thanks customs Now I wait till next February relevant,Positive
844,2326680366,meetup last night forgot add calender,Positive
845,2326680554,Okay pay day today Even though I pay whole phone bill bc dad went crazy yesterday,Negative
846,2326680766,wan na go beach,Negative
847,2326680999,Is bad I dont like yearbookgrad photos made look old I feel added 5years,Negative
848,2326681533,Irish exports 5 company sales positive damn IMF cold water,Positive
849,2326681625,wle SORRY LAH heheh nah reply love youuuuu see youuuu Monday,Positive
850,2326681838,I know I miss girls next door workout team I need work fitness,Negative
851,2326681881,lmfao hahano dating sum1 special yu miss jenwt bout hurt,Negative
852,2326682690,Going sun But working Going miss Wimbledon,Negative
853,2326683057,making blog needs name,Positive
854,2326683085,darn eyes look normal today,Negative
855,2326683267,I agree I went meeting client wanted 35000 website told budget 500,Negative
856,2326683509,whoooo hoooo 40 followers quot quotquot im laaaaaaaaaame,Positive
857,2326683685,listening music cleaning underside porch roof ipod got wet,Positive
858,2326684027,woke really sad morning,Negative
859,2326684053,I didnt rly speak alisa yesterday,Negative
860,2326684487,Thats trufax know I lt3 teaching labs bit giving unhappy faces,Negative
861,2326685169,ooh noo broddur another mother leaves paris today ill miss u wittle diepset,Negative
862,2326685307,Call get My sense time messed,Negative
863,2326685330,giraffe home strawberry shaped car I miss Wahhhh stupid work Wonder I bring,Negative
864,2326685466,hahahayepsure I would drink tonight almost 31 year old body cant hang like anymore,Negative
865,2326685640,ughhh group today,Negative
866,2326685891,YAY Verizons networks looks like I may even able get new phone tomorrow,Positive
867,2326686541,rehearsal schedule epic tired sleep tomorrow going get home holidays,Negative
868,2326687470,But I miss baby sister,Negative
869,2326687496,wants go All Time Low gig Toronto July 15th Toronto ON,Negative
870,2326688000,Gah Of course someone finds Romancing foil Im credits packrat,Negative
871,2326688360,Last day Tetsuo,Positive
872,2326688640,go back squarespace Monday,Negative
873,2326688822,I miss laptop,Negative
874,2326689051,welp back home sun missing rather sad,Negative
875,2326689658,I lost Please help find good home,Negative
876,2326690413,oh imagine pulled away love day find,Negative
877,2326690914,Think im getting sick Headache tired trhoat hurts I dont like,Negative
878,2326691032,I Im starting feel better Sorry I didnt reply ur message I barrie mother Thank u b,Negative
879,2326691193,I really big rash neck huuuuuuuuuuuuuuurts,Negative
880,2326691318,I suprised scalp issues dying process That hurt total sympathy,Negative
881,2326691715,aw snap win7 discounts tomorrow goodbye checkbook,Negative
882,2326691894,Pumped USA Track Champs start today live feed sad first time 2 years,Negative
883,2326691927,No court today anyone want come along anventure tomorrow 5am standing outside hayward court house,Negative
884,2326692042,Great rain London Friday weekend need,Negative
885,2326692449,I hope good evening good luck assignment See SundayWednesday,Positive
886,2326692624,im still pretty sad couldnt go last summeri missed sheamphim,Negative
887,2326692628,I advised go see Transformer 2 sooner leave theatre talk aboutcould help,Negative
888,2326693111,Im hungry nothing eat,Negative
889,2326693116,I miss long hair,Negative
890,2326693164,college I cleared handed student card uni look forward enjoying summer months,Positive
891,2326693237,I wish I could afford one,Negative
892,2326693561,think I busy sorry,Negative
893,2326693576,Good luck shane It awsome know Did ever see video made,Positive
894,2326693776,cant fuckin move today,Negative
895,2326693846,feels shit,Negative
896,2326694329,Hate happens Could give another name,Negative
897,2326694645,oh I really like Got ta stress test quotnewquot pc today anyhow maybe I bring router config Touch wont bring,Negative
898,2326694665,farewell Anto,Negative
899,2326694834,Good Morning Twibulous Ones sho wonderful las nite n NY THO 2nd toe dead n hasnt feel n since,Negative
900,2326695049,well I slept 4pm9pm went back sleep frm 1am ahora amp todavia estoy cansada I missed math class,Negative
901,2326695738,thats day leave georgiaa think,Positive
902,2326695971,buhhh im glad better,Positive
903,2326696211,reading Sugar JB interview photos Paul OGrady day I miss,Negative
904,2326696549,today stoped watch quotthinking youquot katy perry video saaaaaaaad,Positive
905,2326696679,Concert amazing back reality time work,Negative
906,2326696694,Got really really really really really Sore Throat Not good,Negative
907,2326696841,I need new cell phone Apparently dropping liquid isnt good hmmmm figure Wish I connection Verizon lol,Negative
908,2326697298,I left nessie vet I miss already,Negative
909,2326697711,almost time say bye bye,Negative
910,2326697986,Umm hi Why hurry leave,Negative
911,2326707497,Have gardening afternoon v relaxing planting lots new flowers im sneezing though,Positive
912,2326707595,wtf twitterberry I got blackberry I really dont like Im huge fan,Negative
913,2326707835,I feel I remember going I age No fun,Negative
914,2326707988,WISH dad wont let go,Negative
915,2326708237,Oh shit RIP Swells best writer NME ever,Negative
916,2326708252,transformers today ride stood u believe crap,Negative
917,2326708326,LeahSullivan School finally missing everyone much already good Wan na back year seven amp,Negative
918,2326708704,At workwaitin punch Wishing I still bed,Negative
919,2326708782,going,Positive
920,2326709340,I kept mouth shut I dont need another bad review,Negative
921,2326709374,Awww well thank support,Positive
922,2326709447,Standing 3 hrs n sum change even barefoot uncomfortable Idk lil toe ever go frm numb,Negative
923,2326709458,busy work day havent able tweet lost 2 followers today im stuck around fifties followers,Negative
924,2326709788,Yep yay outsourcing,Positive
925,2326710113,Just woke soo hot house went turn ac working Darn thing going suck money dry,Negative
926,2326710162,Again STRESSED,Negative
927,2326710664,My shoulder hurts think sit last night bothered,Negative
928,2326710814,My wrist knackered havent picked drum stick since Sunday Hope better soon,Negative
929,2326711221,TOM went stumble upon couldnt find delete animalsso I thought id brave annnd first stumble WAS A SHARK,Negative
930,2326711244,slowly feeling little better much though Im REALLY hungry I cant eat bummer huh,Negative
931,2326711716,didnt really want wake morning unfortunately I work today I last 5 days Its hard go back,Negative
932,2326711929,got woke put Barney Dvd bye twiggaz RIP For,Negative
933,2326712128,34 hours Oh God Tragic I told 40 minutes,Negative
934,2326712314,haha k zef shoot feel like havent seen guys long miss u na oh twins boosters lia,Negative
935,2326712333,twitter fail Craisins oily make sense,Negative
936,2326712370,Enjoying two weeks casual dress work Wish would make permanent policy Tomorrow last day casual dress,Negative
937,2326712616,hahaha least I tried Im trying improve creative skills tell going well BUT THAT RHYMED O,Positive
938,2326712811,It wouldnt let actually send DM,Positive
939,2326713082,sick stomache watching gorgeous tree cut,Negative
940,2326713252,Another lovely day im stuck work day till 930pm,Negative
941,2326713305,Grr I woke Im already yawning dont wake early got 7 hours sleep,Negative
942,2326713877,Thanks I hope day good mean cant keep chatting,Positive
943,2326714067,closing,Negative
944,2326714530,I never got packed Terrible right,Negative
945,2326715160,ur pics made hungry thanks,Positive
946,2326715333,Now back Motherwell little trip Boness Now I proper work,Negative
947,2326715362,Humira yes Not allowed province yet,Negative
948,2326715369,people cancel people,Negative
949,2326715586,I know somewhere,Positive
950,2326715788,So far work okay really want smoke already,Negative
951,2326715863,BOOOO FRENCH,Negative
952,2326715892,Oops I dont remember sorry,Negative
953,2326716017,Got sucked back Im back wait week new episodes Bleach And getting good,Positive
954,2326716164,going school days lt3,Positive
955,2326716445,No still doesnt work sucks,Negative
956,2326716728,php5210 epic fail dblib PDO driver via,Negative
957,2326717197,someone told hes gon na get shell rot water long haha,Negative
958,2326717228,think scanners share deep hatred,Positive
959,2326717263,Girls playin beauty shop MY hair I narrowly averted emergency trip hair wizard I actually kinda bummed,Negative
960,2326717862,Was supposed take Notary class today sux I miss cuz Im sick,Negative
961,2326717919,Thats preferred method I dependent rented bus transportation quotranchquot back,Negative
962,2326718275,fabbomight join legging brigade go giant heelsthers tubage works prob head around 11 x,Positive
963,2326718598,well itd senate reflecting pool id lunch break ugh,Negative
964,2326718833,oh issit get well man god da healing im dat guy u saw uni stealth n asked r henrys olda bro lol,Positive
965,2326718933,It today exactly 11 months since I seen JB thats long 29 days till see OMJ cant wait,Positive
966,2326718947,work see guys No cell allowed fml,Negative
967,2326719017,I Berlin right enjoying 4 days wedding festivities mates Being broke really depressing,Negative
968,2326719031,choir practice today love Ã¢â¢Â¥ teacher said sing part alone oh noo hate singing alone sing soooo bad,Negative
969,2326719442,Its damn hot waiting bus I dont wan na go school today,Negative
970,2326719536,maybe I go bit less maybe pull bunch funky new followers What could magic word b,Positive
971,2326719762,Heesh I late library book I forgot renew Now got fine,Negative
972,2326719985,I think I going die heat exhaustion,Negative
973,2326720264,Pepsi Throwback going away Major suckage,Negative
974,2326720456,way overdue eventually time call I wanted talk know whats problem,Negative
975,2326720988,My kids seem think since took trampoline beds make gr8 alternative,Positive
976,2326721197,lol I know Im cranky mood morning,Negative
977,2326721506,ugh Time Goes By So quickly Have Dentist Appointment,Negative
978,2326721606,English skive Not though,Negative
979,2326721654,Thx girl I feel soso picsthey dont quotsignature lookquot ie great shadows warm tone bc flash,Positive
980,2326721867,Every1 seems 2 run Id Ã¢â¢Â¥ 2 run body says NO I also would Ã¢â¢Â¥ 2 wake crack dawn 2 workout Ive little 1,Negative
981,2326722154,today sends hugs,Negative
982,2326732310,Gotham Bagels say goodbye Pete amp Megan,Negative
983,2326732747,waking 415 swim meet life sucks know,Negative
984,2326733070,hard get bacon water days,Negative
985,2326733852,enjoy Im hungry trying diet,Negative
986,2326733965,Broke birthday coffee mugsad,Negative
987,2326734158,Since county last 2 months got transferred 2 weeks ago I havent ANY contact since April,Negative
988,2326734399,wishing beyond things could home pookie Funny things normally tolerate sucks,Negative
989,2326734515,I feel death knocking door I cant eat well recurring back pain bleeding HAY,Negative
990,2326734570,No Prison Break It sad ending,Negative
991,2326734697,Rock hack legend Swells dies via,Positive
992,2326734703,yep shes eh tp nindy ga jadi ikut sa haha tai ya nanti eyke cerita ke kenapa kenapanya twitter wont let,Negative
993,2326735545,weh,Positive
994,2326735569,Bao h cau thi noi cho biet Quen mat roi hay sao,Negative
995,2326735918,goodbye long beautiful rad hair,Positive
996,2326736140,least thats,Positive
997,2326736165,like songs hayyyy,Positive
998,2326736662,INSANE time tonight I wish I could go Ill eat huge burrito Chipotle,Negative
999,2326736730,Sleep rank 1 priority atm I wan na stay I cant Stupid work sigh,Negative
